Year,Month,Dom_Pax,Int_Pax,Pax,Dom_Flt,Int_Flt,Flt,Dom_RPM,Int_RPM,RPM,Dom_ASM,Int_ASM,ASM,Dom_LF,Int_LF,LF
2003,1,"4,30,32,450","49,05,830","4,79,38,280","7,85,160","57,667","8,42,827","3,62,11,422","1,28,85,980","4,90,97,402","5,61,91,300","1,79,68,572","7,41,59,872",64.44,71.71,66.2
2003,2,"4,11,66,780","42,45,366","4,54,12,146","6,90,351","51,259","7,41,610","3,41,48,439","1,07,15,468","4,48,63,907","5,00,88,434","1,55,87,880","6,56,76,314",68.18,68.74,68.31
2003,3,"4,99,92,700","50,08,613","5,50,01,313","7,97,194","58,926","8,56,120","4,17,74,564","1,25,67,068","5,43,41,633","5,75,92,901","1,77,53,174","7,53,46,075",72.53,70.79,72.12
2003,4,"4,70,33,260","43,45,444","5,13,78,704","7,66,260","55,005","8,21,265","3,94,65,980","1,03,70,592","4,98,36,572","5,46,39,679","1,55,28,761","7,01,68,440",72.23,66.78,71.02
2003,5,"4,91,52,352","46,10,834","5,37,63,186","7,89,397","55,265","8,44,662","4,10,01,934","1,15,75,026","5,25,76,960","5,53,49,897","1,56,29,821","7,09,79,718",74.08,74.06,74.07
2003,6,"5,22,09,516","54,11,504","5,76,21,020","7,98,351","58,225","8,56,576","4,44,92,972","1,39,18,185","5,84,11,157","5,65,55,517","1,71,91,579","7,37,47,096",78.67,80.96,79.2
2003,7,"5,58,10,773","61,91,120","6,20,01,893","8,31,619","62,957","8,94,576","4,83,21,924","1,55,16,794","6,38,38,718","5,96,17,048","1,87,01,759","7,83,18,807",81.05,82.97,81.51
2003,8,"5,39,20,973","62,72,332","6,01,93,305","8,30,737","63,760","8,94,497","4,69,82,527","1,59,06,430","6,28,88,957","5,96,34,190","1,91,44,885","7,87,79,075",78.78,83.08,79.83
2003,9,"4,42,13,408","48,24,596","4,90,38,004","7,81,804","54,017","8,35,821","3,68,19,820","1,35,70,889","5,03,90,709","5,49,73,852","1,78,20,478","7,27,94,329",66.98,76.15,69.22
2003,10,"4,99,44,931","49,20,822","5,48,65,753","8,18,308","54,272","8,72,580","4,14,80,412","1,34,47,446","5,49,27,858","5,80,01,020","1,76,94,417","7,56,95,437",71.52,76,72.56
2003,11,"4,70,59,495","48,45,759","5,19,05,254","7,65,842","53,817","8,19,659","3,93,33,528","1,28,17,176","5,21,50,704","5,57,85,892","1,68,01,272","7,25,87,163",70.51,76.29,71.85
2003,12,"4,97,57,124","53,58,991","5,51,16,115","7,98,392","57,578","8,55,970","4,26,99,596","1,39,29,565","5,66,29,161","5,88,42,551","1,76,48,530","7,64,91,081",72.57,78.93,74.03
2004,1,"4,38,15,481","52,55,246","4,90,70,727","7,87,237","58,293","8,45,530","3,81,14,607","1,35,15,639","5,16,30,246","5,83,06,593","1,79,88,081","7,62,94,673",65.37,75.14,67.67
2004,2,"4,53,06,597","49,41,629","5,02,48,226","7,61,618","55,822","8,17,440","3,85,75,084","1,21,53,432","5,07,28,516","5,61,80,696","1,69,23,112","7,31,03,808",68.66,71.82,69.39
2004,3,"5,41,47,227","58,05,703","5,99,52,930","8,34,476","60,649","8,95,125","4,65,07,739","1,47,35,428","6,12,43,168","6,18,33,579","1,83,62,220","8,01,95,799",75.21,80.25,76.37
2004,4,"5,32,53,194","56,64,027","5,89,17,221","8,17,899","60,455","8,78,354","4,57,95,662","1,43,38,191","6,01,33,853","6,00,67,863","1,84,57,525","7,85,25,388",76.24,77.68,76.58
2004,5,"5,30,30,873","57,67,517","5,87,98,390","8,33,350","62,596","8,95,946","4,53,50,262","1,53,88,457","6,07,38,719","6,09,23,099","1,98,44,360","8,07,67,459",74.44,77.55,75.2
2004,6,"5,69,59,142","64,05,771","6,33,64,913","8,36,916","64,256","9,01,172","4,97,74,219","1,70,06,831","6,67,81,050","6,16,29,864","2,03,55,959","8,19,85,822",80.76,83.55,81.45
2004,7,"5,96,14,287","71,83,275","6,67,97,562","8,71,049","69,890","9,40,939","5,27,30,292","1,81,82,782","7,09,13,074","6,40,95,669","2,17,31,193","8,58,26,863",82.27,83.67,82.62
2004,8,"5,73,80,873","69,86,797","6,43,67,670","8,82,979","68,332","9,51,311","5,08,16,430","1,77,60,431","6,85,76,861","6,44,79,721","2,16,40,665","8,61,20,386",78.81,82.07,79.63
2004,9,"4,76,71,785","53,96,245","5,30,68,030","8,19,294","56,541","8,75,835","4,06,44,161","1,52,47,819","5,58,91,980","5,76,94,884","1,95,02,122","7,71,97,006",70.45,78.19,72.4
2004,10,"5,41,67,489","56,29,964","5,97,97,453","8,61,291","58,659","9,19,950","4,57,65,588","1,53,84,002","6,11,49,590","6,16,04,719","1,98,83,889","8,14,88,607",74.29,77.37,75.04
2004,11,"5,17,81,700","53,84,214","5,71,65,914","8,20,048","58,312","8,78,360","4,35,61,708","1,41,18,725","5,76,80,434","5,94,31,353","1,88,48,375","7,82,79,728",73.3,74.91,73.69
2004,12,"5,26,39,838","60,41,853","5,86,81,691","8,36,232","63,469","8,99,701","4,51,81,080","1,55,23,403","6,07,04,483","6,20,54,841","2,02,54,013","8,23,08,853",72.81,76.64,73.75
2005,1,"4,79,77,657","61,58,509","5,41,36,166","8,07,338","64,803","8,72,141","4,16,09,095","1,55,80,719","5,71,89,815","5,95,80,514","2,05,71,388","8,01,51,902",69.84,75.74,71.35
2005,2,"4,70,74,882","54,99,590","5,25,74,472","7,60,955","59,351","8,20,306","4,01,14,944","1,34,70,430","5,35,85,374","5,59,64,342","1,86,51,403","7,46,15,745",71.68,72.22,71.82
2005,3,"5,88,38,975","69,64,313","6,58,03,288","8,66,593","68,802","9,35,395","5,07,89,921","1,72,93,704","6,80,83,625","6,37,43,171","2,12,01,138","8,49,44,309",79.68,81.57,80.15
2005,4,"5,49,08,859","63,88,741","6,12,97,600","8,38,122","66,430","9,04,552","4,70,02,623","1,62,18,686","6,32,21,309","6,12,62,216","2,09,90,887","8,22,53,103",76.72,77.27,76.86
2005,5,"5,73,23,876","65,75,254","6,38,99,130","8,72,961","68,225","9,41,186","4,90,16,422","1,73,94,296","6,64,10,718","6,31,60,148","2,19,43,039","8,51,03,187",77.61,79.27,78.04
2005,6,"5,97,24,061","71,23,126","6,68,47,187","8,63,422","69,814","9,33,236","5,21,81,786","1,87,50,411","7,09,32,197","6,33,78,463","2,23,73,102","8,57,51,565",82.33,83.81,82.72
2005,7,"6,23,96,446","78,67,346","7,02,63,792","8,87,084","74,818","9,61,902","5,52,90,372","2,00,37,449","7,53,27,821","6,58,13,398","2,37,92,009","8,96,05,407",84.01,84.22,84.07
2005,8,"5,91,10,633","74,19,187","6,65,29,820","8,90,938","73,164","9,64,102","5,25,10,003","1,92,05,090","7,17,15,093","6,53,09,256","2,34,18,626","8,87,27,882",80.4,82.01,80.83
2005,9,"5,06,00,325","59,33,841","5,65,34,166","8,14,935","61,812","8,76,747","4,35,24,915","1,66,31,990","6,01,56,904","5,86,74,828","2,14,25,051","8,00,99,879",74.18,77.63,75.1
2005,10,"5,37,38,093","58,73,755","5,96,11,848","8,31,265","61,017","8,92,282","4,58,95,538","1,60,89,364","6,19,84,902","6,03,92,331","2,10,33,727","8,14,26,057",76,76.49,76.12
2005,11,"5,27,66,404","56,44,497","5,84,10,901","7,97,460","59,265","8,56,725","4,51,09,831","1,47,71,787","5,98,81,618","5,88,86,853","1,94,01,869","7,82,88,722",76.6,76.14,76.49
2005,12,"5,28,01,276","63,95,022","5,91,96,298","8,02,067","65,240","8,67,307","4,61,90,194","1,63,39,078","6,25,29,273","6,08,89,086","2,11,53,995","8,20,43,081",75.86,77.24,76.22
2006,1,"4,88,86,043","64,02,933","5,52,88,976","7,85,364","66,236","8,51,600","4,29,66,268","1,61,57,877","5,91,24,144","5,90,96,204","2,13,96,430","8,04,92,634",72.71,75.52,73.45
2006,2,"4,73,48,142","57,06,909","5,30,55,051","7,15,843","60,661","7,76,504","4,09,27,215","1,39,13,445","5,48,40,660","5,37,33,108","1,92,41,787","7,29,74,894",76.17,72.31,75.15
2006,3,"5,82,86,011","72,21,839","6,55,07,850","8,23,793","70,264","8,94,057","5,06,93,391","1,80,95,206","6,87,88,597","6,22,57,065","2,23,67,092","8,46,24,157",81.43,80.9,81.29
2006,4,"5,58,28,555","70,36,629","6,28,65,184","7,94,390","68,537","8,62,927","4,88,00,883","1,76,85,346","6,64,86,229","5,99,17,615","2,22,46,457","8,21,64,072",81.45,79.5,80.92
2006,5,"5,71,45,193","69,97,054","6,41,42,247","8,24,051","68,676","8,92,727","4,93,02,219","1,84,65,819","6,77,68,038","6,12,84,297","2,31,02,699","8,43,86,996",80.45,79.93,80.31
2006,6,"5,92,97,121","76,25,061","6,69,22,182","8,20,310","71,424","8,91,734","5,22,00,272","2,02,75,368","7,24,75,640","6,16,92,651","2,38,21,736","8,55,14,388",84.61,85.11,84.75
2006,7,"6,08,38,606","83,40,003","6,91,78,609","8,52,114","76,301","9,28,415","5,45,06,446","2,15,10,904","7,60,17,350","6,41,11,164","2,51,85,579","8,92,96,743",85.02,85.41,85.13
2006,8,"5,83,03,233","78,43,848","6,61,47,081","8,66,551","74,735","9,41,286","5,20,74,386","2,03,42,613","7,24,16,999","6,43,32,983","2,48,88,446","8,92,21,429",80.95,81.74,81.17
2006,9,"4,99,49,551","61,89,973","5,61,39,524","7,99,777","62,710","8,62,487","4,31,08,587","1,75,37,122","6,06,45,709","5,83,83,462","2,25,79,257","8,09,62,719",73.84,77.67,74.91
2006,10,"5,50,88,983","62,81,017","6,13,70,000","8,28,218","63,105","8,91,323","4,71,37,132","1,73,65,868","6,45,03,000","6,08,02,722","2,26,54,609","8,34,57,331",77.52,76.65,77.29
2006,11,"5,38,52,209","61,73,261","6,00,25,470","7,92,523","61,823","8,54,346","4,59,66,808","1,61,15,237","6,20,82,045","5,89,12,308","2,08,21,119","7,97,33,427",78.03,77.4,77.86
2006,12,"5,35,38,970","69,17,055","6,04,56,025","8,05,058","68,978","8,74,036","4,68,35,639","1,77,04,637","6,45,40,276","6,11,61,328","2,27,21,069","8,38,82,396",76.58,77.92,76.94
2007,1,"5,00,22,168","68,54,636","5,68,76,804","8,03,924","69,634","8,73,558","4,38,23,680","1,74,50,335","6,12,74,015","6,06,18,488","2,29,60,840","8,35,79,327",72.29,76,73.31
2007,2,"4,77,66,421","60,78,593","5,38,45,014","7,24,657","62,711","7,87,368","4,12,70,274","1,50,87,982","5,63,58,256","5,44,90,060","2,06,24,609","7,51,14,669",75.74,73.16,75.03
2007,3,"5,92,44,232","76,47,510","6,68,91,742","8,30,373","72,367","9,02,740","5,15,18,429","1,93,46,351","7,08,64,780","6,31,31,522","2,36,67,344","8,67,98,866",81.6,81.74,81.64
2007,4,"5,73,96,328","72,33,785","6,46,30,113","8,09,663","70,037","8,79,700","4,97,72,604","1,84,62,964","6,82,35,568","6,11,24,424","2,33,25,666","8,44,50,090",81.43,79.15,80.8
2007,5,"5,92,83,597","72,44,944","6,65,28,541","8,44,074","70,437","9,14,511","5,10,31,835","1,93,41,759","7,03,73,594","6,27,74,346","2,43,70,452","8,71,44,798",81.29,79.37,80.75
2007,6,"6,14,93,934","79,53,495","6,94,47,429","8,32,163","72,797","9,04,960","5,40,18,698","2,13,25,672","7,53,44,370","6,26,20,840","2,52,95,941","8,79,16,781",86.26,84.3,85.7
2007,7,"6,34,57,403","86,96,119","7,21,53,522","8,63,658","77,533","9,41,191","5,65,72,990","2,27,09,269","7,92,82,259","6,55,66,709","2,66,24,388","9,21,91,098",86.28,85.29,86
2007,8,"6,26,57,667","84,29,481","7,10,87,148","8,72,349","76,818","9,49,167","5,56,82,567","2,20,60,730","7,77,43,296","6,55,56,234","2,65,25,647","9,20,81,881",84.94,83.17,84.43
2007,9,"5,23,08,015","66,65,909","5,89,73,924","8,05,066","64,283","8,69,349","4,52,40,419","1,89,94,703","6,42,35,122","5,97,96,275","2,38,83,235","8,36,79,510",75.66,79.53,76.76
2007,10,"5,72,06,249","67,34,727","6,39,40,976","8,41,179","64,536","9,05,715","4,90,69,269","1,87,62,030","6,78,31,299","6,24,97,723","2,37,13,623","8,62,11,346",78.51,79.12,78.68
2007,11,"5,50,44,206","66,16,131","6,16,60,337","8,04,635","64,236","8,68,871","4,72,56,388","1,75,08,412","6,47,64,800","6,08,01,594","2,24,21,800","8,32,23,395",77.72,78.09,77.82
2007,12,"5,32,88,538","73,02,494","6,05,91,032","8,03,981","70,325","8,74,306","4,70,70,645","1,91,21,625","6,61,92,270","6,22,70,682","2,43,91,947","8,66,62,629",75.59,78.39,76.38
2008,1,"5,02,45,100","72,14,702","5,74,59,802","7,93,275","70,805","8,64,080","4,42,33,383","1,86,82,398","6,29,15,780","6,06,35,551","2,44,74,296","8,51,09,847",72.95,76.33,73.92
2008,2,"5,01,18,363","66,91,283","5,68,09,646","7,46,679","66,402","8,13,081","4,34,29,251","1,66,02,844","6,00,32,096","5,71,70,275","2,28,32,413","8,00,02,688",75.96,72.72,75.04
2008,3,"5,92,13,077","82,57,253","6,74,70,330","8,17,511","74,449","8,91,960","5,20,16,986","2,08,18,061","7,28,35,047","6,32,49,344","2,52,95,113","8,85,44,457",82.24,82.3,82.26
2008,4,"5,56,11,053","73,61,463","6,29,72,516","7,99,664","70,840","8,70,504","4,81,89,445","1,92,38,317","6,74,27,762","6,01,27,860","2,49,13,253","8,50,41,112",80.14,77.22,79.29
2008,5,"5,80,47,400","77,47,506","6,57,94,906","8,20,114","71,787","8,91,901","5,02,59,912","2,09,72,031","7,12,31,943","6,17,78,284","2,62,36,332","8,80,14,616",81.36,79.94,80.93
2008,6,"5,95,59,171","81,68,145","6,77,27,316","8,15,914","72,783","8,88,697","5,25,21,309","2,22,07,049","7,47,28,358","6,23,28,392","2,67,58,910","8,90,87,301",84.27,82.99,83.88
2008,7,"6,14,01,480","88,31,861","7,02,33,341","8,44,737","77,244","9,21,981","5,46,21,353","2,35,55,952","7,81,77,305","6,48,84,624","2,81,13,326","9,29,97,950",84.18,83.79,84.06
2008,8,"5,89,66,473","86,29,543","6,75,96,016","8,23,517","75,242","8,98,759","5,26,43,145","2,31,62,473","7,58,05,618","6,31,17,937","2,79,31,634","9,10,49,571",83.4,82.93,83.26
2008,9,"4,76,80,001","63,27,854","5,40,07,855","7,28,377","59,708","7,88,085","4,10,15,589","1,87,37,440","5,97,53,028","5,39,06,431","2,40,55,799","7,79,62,230",76.09,77.89,76.64
2008,10,"5,29,56,023","64,73,043","5,94,29,066","7,58,538","60,997","8,19,535","4,49,13,078","1,85,07,570","6,34,20,648","5,62,99,337","2,38,04,966","8,01,04,304",79.78,77.75,79.17
2008,11,"4,76,58,141","61,67,102","5,38,25,243","7,07,246","60,687","7,67,933","4,05,78,576","1,65,52,513","5,71,31,088","5,34,50,483","2,22,97,823","7,57,48,306",75.92,74.23,75.42
2008,12,"5,02,53,658","68,81,238","5,71,34,896","7,20,062","65,422","7,85,484","4,38,24,845","1,82,77,979","6,21,02,823","5,53,61,168","2,37,73,025","7,91,34,193",79.16,76.89,78.48
2009,1,"4,48,21,711","67,37,730","5,15,59,441","7,09,933","66,971","7,76,904","3,92,99,677","1,75,28,664","5,68,28,341","5,39,52,827","2,39,89,981","7,79,42,808",72.84,73.07,72.91
2009,2,"4,36,77,233","59,70,396","4,96,47,629","6,59,899","61,219","7,21,118","3,76,40,543","1,46,07,464","5,22,48,007","4,99,69,299","2,12,95,607","7,12,64,906",75.33,68.59,73.32
2009,3,"5,35,31,487","72,27,487","6,07,58,974","7,47,363","69,764","8,17,127","4,65,17,762","1,81,28,641","6,46,46,403","5,73,31,259","2,41,14,710","8,14,45,969",81.14,75.18,79.37
2009,4,"5,22,45,401","70,86,357","5,93,31,758","7,28,856","67,069","7,95,925","4,54,19,272","1,84,50,057","6,38,69,329","5,52,79,977","2,39,17,823","7,91,97,800",82.16,77.14,80.65
2009,5,"5,29,48,582","65,97,012","5,95,45,594","7,48,984","63,841","8,12,825","4,59,80,480","1,85,45,191","6,45,25,671","5,65,04,772","2,44,07,091","8,09,11,862",81.37,75.98,79.75
2009,6,"5,58,98,027","74,60,171","6,33,58,198","7,60,136","66,341","8,26,477","4,92,90,277","2,07,84,769","7,00,75,046","5,77,16,483","2,54,14,368","8,31,30,851",85.4,81.78,84.29
2009,7,"5,94,68,957","83,99,115","6,78,68,072","7,93,994","71,164","8,65,158","5,27,04,797","2,29,69,194","7,56,73,991","6,04,99,991","2,70,22,263","8,75,22,254",87.12,85,86.46
2009,8,"5,65,68,180","82,17,868","6,47,86,048","7,81,315","70,022","8,51,337","5,04,67,288","2,26,19,720","7,30,87,008","5,93,56,980","2,66,67,531","8,60,24,512",85.02,84.82,84.96
2009,9,"4,82,35,025","62,19,954","5,44,54,979","7,09,793","57,696","7,67,489","4,16,56,736","1,84,00,287","6,00,57,023","5,24,47,273","2,28,30,033","7,52,77,306",79.43,80.6,79.78
2009,10,"5,22,79,405","62,95,084","5,85,74,489","7,26,573","58,273","7,84,846","4,47,81,574","1,80,53,025","6,28,34,599","5,44,53,800","2,20,15,791","7,64,69,591",82.24,82,82.17
2009,11,"4,85,84,832","60,08,261","5,45,93,093","6,94,749","58,724","7,53,473","4,15,73,015","1,60,87,062","5,76,60,077","5,24,83,155","2,06,14,479","7,30,97,634",79.21,78.04,78.88
2009,12,"4,97,93,438","68,92,742","5,66,86,180","7,04,840","64,801","7,69,641","4,36,50,676","1,81,75,003","6,18,25,679","5,46,31,259","2,23,25,659","7,69,56,918",79.9,81.41,80.34
2010,1,"4,55,01,620","68,16,044","5,23,17,664","6,94,852","66,583","7,61,435","4,03,01,481","1,78,41,075","5,81,42,556","5,37,95,975","2,30,88,105","7,68,84,080",74.92,77.27,75.62
2010,2,"4,24,40,614","60,14,415","4,84,55,029","6,22,999","59,833","6,82,832","3,69,97,641","1,49,73,899","5,19,71,540","4,78,17,552","2,01,53,781","6,79,71,333",77.37,74.3,76.46
2010,3,"5,44,24,077","75,31,317","6,19,55,394","7,39,894","69,737","8,09,631","4,76,19,591","1,91,46,484","6,67,66,075","5,70,80,653","2,36,85,717","8,07,66,370",83.43,80.84,82.67
2010,4,"5,24,98,074","69,41,422","5,94,39,496","7,22,566","66,054","7,88,620","4,56,62,025","1,79,35,164","6,35,97,189","5,52,80,651","2,25,92,040","7,78,72,690",82.6,79.39,81.67
2010,5,"5,38,42,422","74,02,599","6,12,45,021","7,41,574","68,031","8,09,605","4,69,53,589","2,05,42,809","6,74,96,398","5,68,98,062","2,50,79,577","8,19,77,639",82.52,81.91,82.34
2010,6,"5,66,89,853","81,00,494","6,47,90,347","7,51,326","70,427","8,21,753","5,03,87,611","2,27,17,510","7,31,05,121","5,83,53,230","2,64,33,891","8,47,87,121",86.35,85.94,86.22
2010,7,"5,91,42,493","90,52,302","6,81,94,795","7,82,439","76,123","8,58,562","5,30,95,873","2,45,87,686","7,76,83,559","6,10,69,806","2,83,47,052","8,94,16,858",86.94,86.74,86.88
2010,8,"5,73,70,748","86,46,519","6,60,17,267","7,81,423","72,823","8,54,246","5,14,39,492","2,37,75,852","7,52,15,344","6,03,57,973","2,77,71,651","8,81,29,624",85.22,85.61,85.35
2010,9,"5,03,04,708","68,47,457","5,71,52,165","7,18,643","60,368","7,79,011","4,36,94,603","2,04,11,172","6,41,05,775","5,47,29,805","2,43,82,358","7,91,12,164",79.84,83.71,81.03
2010,10,"5,48,26,050","70,72,483","6,18,98,533","7,37,224","62,454","7,99,678","4,72,83,497","2,04,34,096","6,77,17,592","5,67,31,943","2,47,64,165","8,14,96,108",83.35,82.51,83.09
2010,11,"5,14,20,350","65,10,189","5,79,30,539","7,04,372","60,704","7,65,076","4,43,51,331","1,76,30,685","6,19,82,017","5,46,09,482","2,24,86,741","7,70,96,223",81.22,78.4,80.4
2010,12,"5,10,76,415","72,71,391","5,83,47,806","7,02,581","66,014","7,68,595","4,50,67,192","1,93,58,086","6,44,25,278","5,57,45,538","2,40,54,993","7,98,00,532",80.84,80.47,80.73
2011,1,"4,63,04,921","71,55,472","5,34,60,393","6,81,152","68,426","7,49,578","4,11,87,426","1,90,13,720","6,02,01,146","5,38,04,562","2,48,76,445","7,86,81,007",76.55,76.43,76.51
2011,2,"4,36,57,818","62,05,658","4,98,63,476","6,25,530","61,615","6,87,145","3,82,85,134","1,57,42,124","5,40,27,258","4,91,06,329","2,21,92,337","7,12,98,667",77.96,70.93,75.78
2011,3,"5,56,49,428","77,33,473","6,33,82,901","7,54,669","71,925","8,26,594","4,89,92,221","1,96,89,006","6,86,81,228","5,92,09,942","2,57,43,795","8,49,53,737",82.74,76.48,80.85
2011,4,"5,28,58,479","74,95,073","6,03,53,552","7,20,073","68,663","7,88,736","4,65,67,364","1,97,68,711","6,63,36,076","5,66,86,501","2,54,11,596","8,20,98,097",82.15,77.79,80.8
2011,5,"5,59,82,234","76,71,950","6,36,54,184","7,43,778","67,680","8,11,458","4,90,26,667","2,13,12,827","7,03,39,494","5,79,69,795","2,61,31,180","8,41,00,975",84.57,81.56,83.64
2011,6,"5,77,78,699","82,56,632","6,60,35,331","7,56,675","69,903","8,26,578","5,15,52,204","2,30,96,822","7,46,49,026","5,99,55,599","2,72,24,840","8,71,80,439",85.98,84.84,85.63
2011,7,"6,03,10,295","93,84,241","6,96,94,536","7,83,811","76,305","8,60,116","5,44,59,007","2,54,15,397","7,98,74,404","6,24,92,240","2,93,84,342","9,18,76,583",87.15,86.49,86.94
2011,8,"5,74,03,835","86,77,482","6,60,81,317","7,67,948","71,574","8,39,522","5,15,70,688","2,41,32,052","7,57,02,739","6,02,48,852","2,81,78,615","8,84,27,467",85.6,85.64,85.61
2011,9,"5,09,82,170","68,93,283","5,78,75,453","7,06,395","61,645","7,68,040","4,45,80,290","2,04,88,322","6,50,68,612","5,44,80,405","2,49,45,913","7,94,26,318",81.83,82.13,81.92
2011,10,"5,41,24,363","68,84,408","6,10,08,771","7,23,222","62,821","7,86,043","4,69,72,407","1,98,93,658","6,68,66,065","5,61,60,266","2,48,00,208","8,09,60,473",83.64,80.22,82.59
2011,11,"5,16,60,083","64,31,880","5,80,91,963","6,82,660","60,778","7,43,438","4,47,80,150","1,73,25,552","6,21,05,702","5,36,39,815","2,20,99,606","7,57,39,421",83.48,78.4,82
2011,12,"5,15,34,907","73,31,513","5,88,66,420","7,01,348","67,821","7,69,169","4,56,73,434","1,93,39,617","6,50,13,051","5,63,30,875","2,41,86,935","8,05,17,810",81.08,79.96,80.74
2012,1,"4,70,80,430","71,55,733","5,42,36,163","6,77,704","68,013","7,45,717","4,16,73,200","1,89,15,701","6,05,88,901","5,34,26,991","2,46,45,715","7,80,72,706",78,76.75,77.61
2012,2,"4,64,05,102","65,18,477","5,29,23,579","6,47,027","64,878","7,11,905","4,04,40,608","1,65,83,021","5,70,23,629","5,12,44,942","2,31,76,387","7,44,21,328",78.92,71.55,76.62
2012,3,"5,62,00,104","80,59,960","6,42,60,064","7,28,636","73,363","8,01,999","4,96,93,743","2,06,38,910","7,03,32,653","5,88,46,026","2,58,26,784","8,46,72,810",84.45,79.91,83.06
2012,4,"5,36,91,455","76,08,446","6,12,99,901","7,06,994","68,925","7,75,919","4,72,40,808","2,01,20,006","6,73,60,814","5,64,95,318","2,50,56,043","8,15,51,361",83.62,80.3,82.6
2012,5,"5,57,49,349","77,28,905","6,34,78,254","7,25,712","69,813","7,95,525","4,90,75,103","2,16,25,365","7,07,00,468","5,81,02,674","2,64,87,067","8,45,89,741",84.46,81.64,83.58
2012,6,"5,79,03,293","85,09,172","6,64,12,465","7,35,084","72,160","8,07,244","5,19,58,863","2,35,88,863","7,55,47,726","5,99,80,845","2,72,67,695","8,72,48,539",86.63,86.51,86.59
2012,7,"5,96,88,267","92,98,946","6,89,87,213","7,57,484","76,163","8,33,647","5,42,39,648","2,49,33,954","7,91,73,602","6,24,52,527","2,88,85,438","9,13,37,965",86.85,86.32,86.68
2012,8,"5,86,46,304","88,92,354","6,75,38,658","7,53,441","74,196","8,27,637","5,28,70,434","2,43,75,248","7,72,45,683","6,10,26,426","2,82,26,626","8,92,53,052",86.64,86.36,86.55
2012,9,"5,01,34,504","70,98,414","5,72,32,918","6,77,990","62,528","7,40,518","4,38,61,215","2,09,31,047","6,47,92,261","5,43,86,931","2,49,96,737","7,93,83,668",80.65,83.74,81.62
2012,10,"5,37,79,646","69,52,685","6,07,32,331","6,94,712","62,790","7,57,502","4,66,61,129","1,98,51,567","6,65,12,697","5,53,78,572","2,43,22,370","7,97,00,942",84.26,81.62,83.45
2012,11,"5,18,44,482","67,10,058","5,85,54,540","6,69,260","61,817","7,31,077","4,51,48,868","1,77,74,579","6,29,23,447","5,45,24,126","2,23,26,176","7,68,50,301",82.81,79.61,81.88
2012,12,"5,11,65,451","75,00,932","5,86,66,383","6,70,793","67,858","7,38,651","4,58,18,778","1,96,07,025","6,54,25,803","5,61,81,473","2,41,56,714","8,03,38,186",81.55,81.17,81.44
2013,1,"4,78,16,859","73,31,420","5,51,48,279","6,62,014","68,653","7,30,667","4,27,16,886","1,92,26,952","6,19,43,838","5,41,30,019","2,44,14,793","7,85,44,812",78.92,78.75,78.86
2013,2,"4,57,40,158","65,64,112","5,23,04,270","6,07,564","62,950","6,70,514","4,03,60,477","1,67,26,427","5,70,86,904","4,99,51,073","2,21,47,136","7,20,98,209",80.8,75.52,79.18
2013,3,"5,65,64,538","83,27,386","6,48,91,924","7,10,137","73,801","7,83,938","5,05,91,912","2,10,85,987","7,16,77,898","5,95,06,857","2,55,37,593","8,50,44,451",85.02,82.57,84.28
2013,4,"5,32,28,575","75,62,330","6,07,90,905","6,93,876","69,117","7,62,993","4,73,23,331","2,00,45,084","6,73,68,414","5,71,30,620","2,54,47,607","8,25,78,227",82.83,78.77,81.58
2013,5,"5,65,62,929","80,23,420","6,45,86,349","7,21,429","70,699","7,92,128","5,01,24,875","2,23,77,482","7,25,02,358","5,90,71,089","2,69,97,317","8,60,68,406",84.86,82.89,84.24
2013,6,"5,79,90,789","88,83,643","6,68,74,432","7,19,340","72,922","7,92,262","5,28,26,886","2,45,53,427","7,73,80,313","6,07,24,524","2,82,41,852","8,89,66,376",86.99,86.94,86.98
2013,7,"5,93,10,478","97,09,009","6,90,19,487","7,51,473","77,429","8,28,902","5,47,54,440","2,60,42,187","8,07,96,627","6,33,16,272","2,99,00,939","9,32,17,210",86.48,87.09,86.68
2013,8,"5,81,15,405","94,03,309","6,75,18,714","7,47,070","75,176","8,22,246","5,31,23,226","2,57,14,167","7,88,37,393","6,20,97,316","2,94,69,344","9,15,66,659",85.55,87.26,86.1
2013,9,"5,07,66,098","72,55,037","5,80,21,135","6,83,379","62,011","7,45,390","4,46,54,213","2,14,83,923","6,61,38,136","5,52,25,708","2,57,51,134","8,09,76,841",80.86,83.43,81.68
2013,10,"5,47,06,177","72,74,427","6,19,80,604","7,08,414","64,554","7,72,968","4,78,59,063","2,07,48,717","6,86,07,779","5,78,51,883","2,55,72,700","8,34,24,583",82.73,81.14,82.24
2013,11,"5,05,42,332","68,80,849","5,74,23,181","6,55,776","63,286","7,19,062","4,44,20,301","1,81,54,243","6,25,74,544","5,54,62,933","2,34,20,132","7,88,83,064",80.09,77.52,79.33
2013,12,"5,43,32,936","79,67,171","6,23,00,107","6,62,288","69,136","7,31,424","4,91,32,863","2,07,35,571","6,98,68,434","5,77,51,867","2,50,19,442","8,27,71,309",85.08,82.88,84.41
2014,1,"4,79,57,371","76,71,576","5,56,28,947","6,24,812","68,624","6,93,436","4,35,64,242","2,00,28,742","6,35,92,984","5,40,16,077","2,51,55,594","7,91,71,671",80.65,79.62,80.32
2014,2,"4,55,13,184","67,70,046","5,22,83,230","5,77,191","63,469","6,40,660","4,05,43,404","1,69,36,813","5,74,80,217","4,93,69,928","2,26,14,187","7,19,84,116",82.12,74.89,79.85
2014,3,"5,77,61,938","85,03,133","6,62,65,071","6,96,376","76,064","7,72,440","5,18,62,069","2,13,10,134","7,31,72,203","6,06,75,476","2,68,84,781","8,75,60,258",85.47,79.26,83.57
2014,4,"5,52,47,482","80,94,515","6,33,41,997","6,76,337","71,580","7,47,917","4,92,45,719","2,11,03,585","7,03,49,305","5,79,98,604","2,63,43,479","8,43,42,083",84.91,80.11,83.41
2014,5,"5,78,88,637","84,79,378","6,63,68,015","6,95,855","72,994","7,68,849","5,15,24,009","2,32,91,494","7,48,15,503","5,97,09,929","2,82,71,254","8,79,81,183",86.29,82.39,85.04
2014,6,"5,92,61,855","91,96,927","6,84,58,782","7,01,992","76,431","7,78,423","5,39,79,753","2,51,20,695","7,91,00,448","6,17,60,043","2,97,51,163","9,15,11,206",87.4,84.44,86.44
2014,7,"6,17,57,222","99,88,913","7,17,46,135","7,35,424","80,457","8,15,881","5,68,74,287","2,64,35,210","8,33,09,497","6,47,73,257","3,12,66,476","9,60,39,732",87.81,84.55,86.74
2014,8,"5,97,58,814","96,29,317","6,93,88,131","7,23,997","76,481","8,00,478","5,46,40,338","2,62,31,520","8,08,71,859","6,28,68,005","3,06,21,247","9,34,89,252",86.91,85.66,86.5
2014,9,"5,25,29,329","73,42,936","5,98,72,265","6,65,490","62,408","7,27,898","4,63,36,496","2,17,39,193","6,80,75,689","5,64,58,422","2,65,75,230","8,30,33,652",82.07,81.8,81.99
2014,10,"5,70,84,257","72,86,846","6,43,71,103","6,93,925","63,369","7,57,294","5,01,12,975","2,08,35,706","7,09,48,681","5,95,84,323","2,60,72,467","8,56,56,790",84.1,79.91,82.83
2014,11,"5,25,77,733","70,49,844","5,96,27,577","6,48,891","64,800","7,13,691","4,63,52,174","1,85,24,898","6,48,77,072","5,69,49,527","2,43,21,971","8,12,71,498",81.39,76.17,79.83
2014,12,"5,54,86,727","81,65,573","6,36,52,300","6,66,264","71,191","7,37,455","5,03,03,173","2,11,32,922","7,14,36,095","6,02,70,587","2,61,75,094","8,64,45,681",83.46,80.74,82.64
2015,1,"4,97,27,583","79,36,993","5,76,64,576","6,34,734","69,893","7,04,627","4,51,37,552","2,04,98,038","6,56,35,591","5,69,80,250","2,60,25,329","8,30,05,579",79.22,78.76,79.07
2015,2,"4,71,64,538","68,86,262","5,40,50,800","5,69,972","62,648","6,32,620","4,22,48,126","1,72,38,321","5,94,86,447","5,12,51,150","2,29,33,198","7,41,84,348",82.43,75.17,80.19
2015,3,"5,95,57,228","85,24,515","6,80,81,743","6,83,892","72,926","7,56,818","5,39,24,945","2,15,11,252","7,54,36,197","6,28,60,123","2,70,71,647","8,99,31,770",85.79,79.46,83.88
2015,4,"5,76,98,044","81,19,223","6,58,17,267","6,69,783","70,846","7,40,629","5,18,83,045","2,09,59,421","7,28,42,466","6,11,16,535","2,71,97,262","8,83,13,797",84.89,77.06,82.48
2015,5,"6,02,51,945","85,67,847","6,88,19,792","6,90,116","71,597","7,61,713","5,42,55,235","2,34,90,547","7,77,45,782","6,33,93,874","2,90,64,149","9,24,58,022",85.58,80.82,84.09
2015,6,"6,18,10,705","93,52,818","7,11,63,523","6,97,378","74,020","7,71,398","5,69,94,796","2,54,48,026","8,24,42,822","6,52,32,947","3,01,62,970","9,53,95,918",87.37,84.37,86.42
2015,7,"6,51,28,528","1,03,95,270","7,55,23,798","7,32,753","78,536","8,11,289","6,04,30,804","2,75,73,804","8,80,04,608","6,85,56,515","3,21,16,607","10,06,73,122",88.15,85.86,87.42
2015,8,"6,27,70,180","99,81,208","7,27,51,388","7,23,998","75,991","7,99,989","5,78,19,107","2,71,56,489","8,49,75,596","6,67,30,854","3,15,64,671","9,82,95,526",86.65,86.03,86.45
2015,9,"5,59,89,104","76,56,359","6,36,45,463","6,58,392","62,367","7,20,759","4,98,57,937","2,24,04,240","7,22,62,177","5,95,11,944","2,75,10,443","8,70,22,387",83.78,81.44,83.04
2015,10,"6,08,92,131","77,39,519","6,86,31,650","6,87,710","63,662","7,51,372","5,40,74,370","2,17,86,470","7,58,60,840","6,25,51,345","2,66,75,237","8,92,26,582",86.45,81.67,85.02
2015,11,"5,71,50,501","73,32,481","6,44,82,982","6,51,176","63,492","7,14,668","5,09,13,042","1,88,76,704","6,97,89,747","6,04,67,124","2,41,79,274","8,46,46,398",84.2,78.07,82.45
2015,12,"5,78,70,281","84,10,860","6,62,81,141","6,59,785","70,945","7,30,730","5,31,18,963","2,14,32,815","7,45,51,779","6,32,41,198","2,67,11,528","8,99,52,725",83.99,80.24,82.88
2016,1,"5,24,73,830","82,20,234","6,06,94,064","6,36,761","70,476","7,07,237","4,80,74,919","2,09,30,267","6,90,05,186","5,96,72,179","2,63,32,010","8,60,04,190",80.57,79.49,80.23
2016,2,"5,11,11,121","72,76,912","5,83,88,033","6,12,176","65,905","6,78,081","4,64,60,173","1,78,57,305","6,43,17,478","5,74,66,885","2,41,98,863","8,16,65,748",80.85,73.79,78.76
2016,3,"6,15,92,900","88,46,249","7,04,39,149","6,97,830","74,166","7,71,996","5,67,04,006","2,17,22,335","7,84,26,341","6,64,69,561","2,73,75,245","9,38,44,807",85.31,79.35,83.57
2016,4,"5,88,93,676","82,36,909","6,71,30,585","6,75,633","71,002","7,46,635","5,36,23,641","2,12,72,344","7,48,95,985","6,37,75,636","2,75,57,124","9,13,32,760",84.08,77.19,82
2016,5,"6,27,52,121","86,58,474","7,14,10,595","7,02,944","72,121","7,75,065","5,71,31,517","2,34,17,723","8,05,49,240","6,65,45,323","2,95,45,223","9,60,90,546",85.85,79.26,83.83
2016,6,"6,47,57,222","96,49,641","7,44,06,863","7,13,634","75,070","7,88,704","6,02,78,319","2,60,42,153","8,63,20,472","6,87,99,336","3,08,31,533","9,96,30,870",87.61,84.47,86.64
2016,7,"6,61,34,540","1,06,51,750","7,67,86,290","7,31,044","78,726","8,09,770","6,23,49,210","2,80,79,998","9,04,29,208","7,15,24,171","3,26,40,788","10,41,64,959",87.17,86.03,86.81
2016,8,"6,34,98,165","98,51,036","7,33,49,201","7,31,988","74,906","8,06,894","5,92,82,098","2,66,62,752","8,59,44,849","6,99,71,791","3,16,34,549","10,16,06,340",84.72,84.28,84.59
2016,9,"5,86,19,844","77,67,077","6,63,86,921","6,73,171","62,762","7,35,933","5,26,60,625","2,24,80,586","7,51,41,211","6,25,07,787","2,77,05,349","9,02,13,136",84.25,81.14,83.29
2016,10,"6,17,08,696","77,45,955","6,94,54,651","6,88,347","63,260","7,51,607","5,53,20,059","2,17,75,573","7,70,95,632","6,47,69,646","2,71,71,641","9,19,41,286",85.41,80.14,83.85
2016,11,"5,92,69,062","72,59,192","6,65,28,254","6,58,162","61,188","7,19,350","5,32,80,610","1,88,05,494","7,20,86,104","6,28,85,798","2,38,51,439","8,67,37,237",84.73,78.84,83.11
2016,12,"5,91,78,183","87,35,834","6,79,14,017","6,62,154","72,280","7,34,434","5,48,12,269","2,20,01,650","7,68,13,919","6,56,98,072","2,71,18,317","9,28,16,388",83.43,81.13,82.76
2017,1,"5,41,08,732","84,51,833","6,25,60,565","6,45,169","71,242","7,16,411","5,01,36,641","2,11,67,951","7,13,04,592","6,30,84,038","2,67,11,252","8,97,95,289",79.48,79.25,79.41
2017,2,"5,10,77,566","72,43,348","5,83,20,914","5,92,048","63,807","6,55,855","4,64,84,888","1,76,61,922","6,41,46,810","5,74,36,638","2,37,85,528","8,12,22,166",80.93,74.25,78.98
2017,3,"6,39,63,230","89,34,658","7,28,97,888","6,96,983","73,651","7,70,634","5,87,91,439","2,19,13,330","8,07,04,768","6,87,37,048","2,78,63,556","9,66,00,605",85.53,78.65,83.54
2017,4,"6,10,98,649","90,97,723","7,01,96,372","6,73,380","72,137","7,45,517","5,63,02,475","2,30,57,928","7,93,60,403","6,60,75,373","2,85,43,219","9,46,18,593",85.21,80.78,83.87
2017,5,"6,44,42,559","91,78,905","7,36,21,464","7,06,747","72,895","7,79,642","5,90,16,272","2,43,99,847","8,34,16,119","6,88,35,179","3,04,55,251","9,92,90,430",85.74,80.12,84.01
2017,6,"6,67,46,003","1,02,11,356","7,69,57,359","7,18,817","76,507","7,95,324","6,24,68,942","2,70,79,807","8,95,48,749","7,16,63,336","3,19,04,900","10,35,68,236",87.17,84.88,86.46
2017,7,"6,85,74,097","1,11,90,376","7,97,64,473","7,39,541","81,408","8,20,949","6,50,35,199","2,89,58,608","9,39,93,807","7,48,06,668","3,36,80,646","10,84,87,314",86.94,85.98,86.64
2017,8,"6,66,63,503","1,03,84,018","7,70,47,521","7,35,233","75,662","8,10,895","6,25,20,253","2,78,02,659","9,03,22,912","7,32,31,019","3,24,07,563","10,56,38,582",85.37,85.79,85.5
2017,9,"5,71,43,966","77,26,792","6,48,70,758","6,52,003","60,039","7,12,042","5,18,71,547","2,26,67,597","7,45,39,144","6,31,20,276","2,81,48,004","9,12,68,280",82.18,80.53,81.67
2017,10,"6,46,24,806","80,30,539","7,26,55,345","6,91,971","64,389","7,56,360","5,82,57,900","2,22,61,064","8,05,18,965","6,80,07,435","2,82,99,580","9,63,07,015",85.66,78.66,83.61
2017,11,"6,19,11,285","76,78,861","6,95,90,146","6,56,939","62,616","7,19,555","5,58,83,966","1,96,80,722","7,55,64,688","6,51,49,163","2,50,35,612","9,01,84,775",85.78,78.61,83.79
2017,12,"6,13,73,581","89,13,285","7,02,86,866","6,67,216","71,441","7,38,657","5,69,80,320","2,25,48,282","7,95,28,602","6,82,35,413","2,79,32,831","9,61,68,244",83.51,80.72,82.7
2018,1,"5,58,29,992","85,59,733","6,43,89,725","6,53,344","69,767","7,23,111","5,17,16,868","2,15,49,127","7,32,65,996","6,55,66,516","2,73,80,828","9,29,47,344",78.88,78.7,78.83
2018,2,"5,40,77,854","75,96,937","6,16,74,791","6,00,492","63,466","6,63,958","4,94,52,398","1,86,74,644","6,81,27,042","6,04,64,267","2,45,87,642","8,50,51,909",81.79,75.95,80.1
2018,3,"6,66,43,229","96,03,829","7,62,47,058","6,98,464","74,602","7,73,066","6,17,07,206","2,37,93,520","8,55,00,726","7,16,74,598","2,88,93,311","10,05,67,909",86.09,82.35,85.02
2018,4,"6,45,56,900","90,35,586","7,35,92,486","6,95,306","72,042","7,67,348","5,93,40,837","2,31,06,823","8,24,47,659","7,03,57,638","2,90,55,033","9,94,12,671",84.34,79.53,82.93
2018,5,"6,78,44,134","94,16,071","7,72,60,205","7,24,065","73,277","7,97,342","6,25,80,568","2,53,56,444","8,79,37,012","7,33,10,971","3,11,33,051","10,44,44,022",85.36,81.45,84.2
2018,6,"7,02,77,734","1,05,69,323","8,08,47,057","7,32,292","77,394","8,09,686","6,60,95,829","2,81,94,872","9,42,90,701","7,53,23,742","3,24,86,010","10,78,09,753",87.75,86.79,87.46
2018,7,"7,25,39,780","1,13,91,458","8,39,31,238","7,59,879","81,620","8,41,499","6,90,91,745","2,97,16,690","9,88,08,435","7,84,06,927","3,41,71,666","11,25,78,593",88.12,86.96,87.77
2018,8,"7,03,37,936","1,06,24,720","8,09,62,656","7,56,345","77,086","8,33,431","6,61,32,022","2,86,38,849","9,47,70,872","7,67,22,785","3,32,38,079","10,99,60,864",86.2,86.16,86.19
2018,9,"6,04,68,115","82,08,432","6,86,76,547","6,86,422","65,032","7,51,454","5,54,31,352","2,36,04,682","7,90,36,033","6,85,30,468","2,94,79,449","9,80,09,918",80.89,80.07,80.64
2018,10,"6,70,81,594","83,99,032","7,54,80,626","7,22,634","66,557","7,89,191","6,10,11,629","2,32,94,709","8,43,06,338","7,20,44,924","2,90,79,416","10,11,24,339",84.69,80.11,83.37
2018,11,"6,46,59,493","80,52,683","7,27,12,176","6,78,121","64,528","7,42,649","5,87,79,361","2,06,13,643","7,93,93,004","6,90,98,147","2,56,89,087","9,47,87,234",85.07,80.24,83.76
2018,12,"6,36,46,119","92,09,221","7,28,55,340","6,91,040","73,025","7,64,065","5,94,77,976","2,32,10,813","8,26,88,789","7,18,65,604","2,84,76,318","10,03,41,922",82.76,81.51,82.41
2019,1,"5,80,33,637","89,56,997","6,69,90,634","6,67,538","72,265","7,39,803","5,43,57,953","2,25,07,073","7,68,65,026","6,87,54,679","2,81,48,681","9,69,03,359",79.06,79.96,79.32
2019,2,"5,56,79,100","78,72,131","6,35,51,231","6,07,916","65,171","6,73,087","5,14,06,118","1,92,91,164","7,06,97,283","6,28,05,310","2,50,32,799","8,78,38,108",81.85,77.06,80.49
2019,3,"7,02,33,456","99,48,135","8,01,81,591","7,29,115","77,118","8,06,233","6,54,07,750","2,44,88,323","8,98,96,073","7,56,51,233","2,95,01,782","10,51,53,015",86.46,83.01,85.49
2019,4,"6,69,38,177","94,61,086","7,63,99,263","7,08,988","72,813","7,81,801","6,19,53,253","2,41,74,894","8,61,28,147","7,23,35,243","2,94,24,979","10,17,60,222",85.65,82.16,84.64
2019,5,"7,13,63,514","99,52,955","8,13,16,469","7,40,482","74,788","8,15,270","6,58,11,129","2,66,67,148","9,24,78,276","7,53,86,003","3,19,53,392","10,73,39,395",87.3,83.46,86.16
2019,6,"7,27,89,897","1,10,18,680","8,38,08,577","7,41,462","79,201","8,20,663","6,84,13,114","2,93,22,269","9,77,35,383","7,66,17,119","3,33,92,864","11,00,09,983",89.29,87.81,88.84
2019,7,"7,52,81,255","1,16,44,596","8,69,25,851","7,68,645","82,681","8,51,326","7,12,76,327","3,04,47,264","10,17,23,592","8,00,81,319","3,47,51,863","11,48,33,182",89,87.61,88.58
2019,8,"7,27,15,566","1,10,35,622","8,37,51,188","7,69,675","78,975","8,48,650","6,81,47,755","2,98,02,655","9,79,50,411","7,89,76,519","3,40,56,646","11,30,33,164",86.29,87.51,86.66
2019,9,"6,39,79,337","85,89,987","7,25,69,324","7,05,071","64,280","7,69,351","5,82,13,654","2,50,83,576","8,32,97,229","7,06,49,463","3,03,72,637","10,10,22,100",82.4,82.59,82.45
2019,10,"6,99,22,300","86,78,300","7,86,00,600","7,40,181","65,807","8,05,988","6,33,23,849","2,42,90,255","8,76,14,104","7,49,04,303","2,94,77,943","10,43,82,246",84.54,82.4,83.94
2019,11,"6,48,16,897","82,40,630","7,30,57,527","6,94,377","64,025","7,58,402","5,91,58,778","2,13,30,058","8,04,88,836","7,21,18,560","2,63,46,567","9,84,65,127",82.03,80.96,81.74
2019,12,"6,97,18,631","95,66,028","7,92,84,659","7,21,420","71,724","7,93,144","6,52,88,156","2,46,36,021","8,99,24,177","7,61,53,730","2,91,39,144","10,52,92,875",85.73,84.55,85.4
2020,1,"6,16,22,947","91,44,821","7,07,67,768","7,00,493","70,035","7,70,528","5,76,29,920","2,33,78,976","8,10,08,896","7,24,25,565","2,87,23,812","10,11,49,378",79.57,81.39,80.09
2020,2,"5,98,68,112","79,45,094","6,78,13,206","6,60,344","64,414","7,24,758","5,53,36,120","1,85,27,485","7,38,63,606","6,84,95,012","2,43,19,113","9,28,14,125",80.79,76.18,79.58
2020,3,"3,44,13,597","46,45,178","3,90,58,775","6,16,136","51,108","6,67,244","3,25,26,486","1,02,29,609","4,27,56,095","6,49,68,387","1,75,30,264","8,24,98,651",50.07,58.35,51.83
2020,4,"28,77,290","1,36,609","30,13,899","2,17,262","5,018","2,22,280","25,51,127","3,56,762","29,07,889","1,94,89,079","15,41,419","2,10,30,499",13.09,23.15,13.83
2020,5,"96,97,400","1,90,629","98,88,029","2,52,450","4,996","2,57,446","81,17,835","4,79,069","85,96,904","2,21,20,037","17,46,343","2,38,66,380",36.7,27.43,36.02
2020,6,"1,62,07,290","4,03,702","1,66,10,992","2,73,036","7,220","2,80,256","1,40,07,580","8,96,609","1,49,04,189","2,49,40,429","25,80,911","2,75,21,340",56.16,34.74,54.16
2020,7,"2,29,21,780","11,32,104","2,40,53,884","4,11,226","16,692","4,27,918","2,00,75,947","19,82,897","2,20,58,844","4,03,13,242","54,80,689","4,57,93,931",49.8,36.18,48.17
2020,8,"2,44,31,273","13,99,827","2,58,31,100","4,41,615","18,295","4,59,910","2,11,84,550","26,29,514","2,38,14,064","4,28,74,103","71,05,839","4,99,79,942",49.41,37,47.65
2020,9,"2,38,54,440","14,13,585","2,52,68,025","3,79,506","18,285","3,97,791","2,04,74,546","25,89,214","2,30,63,760","3,58,82,006","72,83,900","4,31,65,905",57.06,35.55,53.43
2020,10,"2,80,26,570","19,82,866","3,00,09,436","4,10,189","23,724","4,33,913","2,44,25,708","34,33,101","2,78,58,809","4,03,89,923","88,81,698","4,92,71,621",60.47,38.65,56.54
2020,11,"2,62,93,959","24,63,575","2,87,57,534","4,21,049","29,652","4,50,701","2,37,11,619","42,38,353","2,79,49,973","4,34,74,919","1,01,99,590","5,36,74,509",54.54,41.55,52.07
2020,12,"2,72,63,462","32,69,403","3,05,32,865","4,28,768","38,852","4,67,620","2,50,75,790","57,50,942","3,08,26,732","4,50,77,321","1,23,09,781","5,73,87,103",55.63,46.72,53.72
2021,1,"2,43,05,435","29,86,261","2,72,91,696","4,08,807","40,455","4,49,262","2,23,57,664","54,34,809","2,77,92,473","4,23,18,242","1,29,23,703","5,52,41,945",52.83,42.05,50.31
2021,2,"2,44,83,154","21,21,336","2,66,04,490","3,61,687","34,903","3,96,590","2,24,77,682","38,40,749","2,63,18,431","3,79,28,419","1,09,65,754","4,88,94,173",59.26,35.02,53.83
2021,3,"3,93,42,855","34,53,943","4,27,96,798","4,99,359","42,273","5,41,632","3,68,11,555","58,67,011","4,26,78,566","5,37,49,326","1,35,10,189","6,72,59,515",68.49,43.43,63.45
2021,4,"4,37,98,512","39,98,149","4,77,96,661","5,14,268","40,981","5,55,249","4,09,71,446","66,67,109","4,76,38,554","5,47,87,593","1,41,29,131","6,89,16,725",74.78,47.19,69.12
2021,5,"5,27,51,776","49,41,591","5,76,93,367","5,65,788","44,613","6,10,401","4,96,48,995","81,65,943","5,78,14,938","6,13,32,631","1,53,85,728","7,67,18,359",80.95,53.07,75.36
2021,6,"6,01,09,293","60,35,931","6,61,45,224","6,17,735","48,831","6,66,566","5,77,17,786","1,08,15,231","6,85,33,017","6,74,62,113","1,70,97,559","8,45,59,672",85.56,63.26,81.05
2021,7,"6,67,39,409","70,33,399","7,37,72,808","6,64,437","52,663","7,17,100","6,45,45,073","1,34,94,801","7,80,39,874","7,34,07,768","1,91,44,100","9,25,51,868",87.93,70.49,84.32
2021,8,"6,06,30,994","63,57,070","6,69,88,064","6,62,000","50,664","7,12,664","5,84,16,638","1,33,14,028","7,17,30,666","7,18,71,421","1,93,02,668","9,11,74,089",81.28,68.98,78.67
2021,9,"5,39,02,837","48,43,245","5,87,46,082","6,10,284","43,758","6,54,042","5,01,23,961","1,04,21,281","6,05,45,242","6,62,68,767","1,76,68,823","8,39,37,590",75.64,58.98,72.13
2021,10,"6,05,46,348","53,60,481","6,59,06,829","6,30,240","47,139","6,77,379","5,59,34,187","1,09,85,232","6,69,19,419","6,90,64,940","1,81,07,013","8,71,71,954",80.99,60.67,76.77
2021,11,"5,97,79,045","59,98,703","6,57,77,748","6,17,806","50,706","6,68,512","5,57,42,346","1,21,99,554","6,79,41,900","6,84,69,320","1,76,76,220","8,61,45,540",81.41,69.02,78.87
2021,12,"5,95,34,619","70,93,846","6,66,28,465","6,05,976","59,710","6,65,686","5,70,91,558","1,47,79,224","7,18,70,782","6,94,47,090","2,06,77,611","9,01,24,701",82.21,71.47,79.75
2022,1,"4,58,14,139","60,48,973","5,18,63,112","5,69,018","59,036","6,28,054","4,39,54,958","1,24,98,379","5,64,53,337","6,43,19,112","2,08,81,798","8,52,00,910",68.34,59.85,66.26
2022,2,"4,90,75,979","57,25,939","5,48,01,918","5,33,962","52,667","5,86,629","4,65,20,073","1,15,12,744","5,80,32,817","6,06,47,305","1,85,00,799","7,91,48,105",76.71,62.23,73.32
2022,3,"6,46,17,029","78,72,874","7,24,89,903","6,29,670","62,309","6,91,979","6,16,74,886","1,62,12,974","7,78,87,859","7,19,89,974","2,20,30,861","9,40,20,835",85.67,73.59,82.84
2022,4,"6,35,18,318","83,98,121","7,19,16,439","6,16,135","63,462","6,79,597","6,02,70,759","1,85,29,341","7,88,00,100","6,87,00,144","2,37,43,871","9,24,44,015",87.73,78.04,85.24
2022,5,"6,69,61,805","88,15,732","7,57,77,537","6,44,024","65,674","7,09,698","6,27,06,846","2,07,88,694","8,34,95,540","7,09,74,153","2,62,63,661","9,72,37,814",88.35,79.15,85.87
2022,6,"6,73,68,670","1,00,23,468","7,73,92,138","6,40,218","67,900","7,08,118","6,33,43,854","2,42,76,114","8,76,19,968","7,04,15,408","2,78,83,747","9,82,99,154",89.96,87.06,89.14
2022,7,"6,94,32,042","1,09,43,155","8,03,75,197","6,67,889","71,229","7,39,118","6,56,33,746","2,64,40,533","9,20,74,279","7,49,59,377","2,96,60,776","10,46,20,153",87.56,89.14,88.01
2022,8,"6,65,20,067","1,01,15,929","7,66,35,996","6,57,576","68,544","7,26,120","6,29,34,639","2,49,79,841","8,79,14,480","7,38,36,109","2,92,46,437","10,30,82,546",85.24,85.41,85.29
2022,9,"6,31,39,630","82,87,331","7,14,26,961","6,22,299","57,089","6,79,388","5,84,63,970","2,18,60,088","8,03,24,058","6,89,20,247","2,60,63,870","9,49,84,116",84.83,83.87,84.57
2022,10,"6,79,35,181","84,14,518","7,63,49,699","6,39,282","57,765","6,97,047","6,26,56,863","2,14,57,977","8,41,14,840","7,22,64,313","2,58,34,667","9,80,98,981",86.71,83.06,85.74
2022,11,"6,36,80,032","82,16,914","7,18,96,946","6,05,075","59,745","6,64,820","5,91,94,297","1,96,92,450","7,88,86,747","7,02,50,775","2,46,16,723","9,48,67,498",84.26,80,83.15
2022,12,"6,24,82,296","94,05,384","7,18,87,680","5,96,437","67,511","6,63,948","5,97,24,506","2,25,95,815","8,23,20,321","7,13,01,260","2,73,43,999","9,86,45,259",83.76,82.64,83.45
2023,1,"5,82,84,200","90,66,833","6,73,51,033","6,05,944","66,859","6,72,803","5,56,27,743","2,10,21,245","7,66,48,988","7,21,22,699","2,68,09,510","9,89,32,209",77.13,78.41,77.48
2023,2,"5,67,29,998","80,66,893","6,47,96,891","5,67,702","60,643","6,28,345","5,33,29,402","1,82,54,936","7,15,84,338","6,70,37,368","2,42,11,736","9,12,49,104",79.55,75.4,78.45
2023,3,"6,97,08,556","1,00,94,584","7,98,03,140","6,55,836","71,076","7,26,912","6,57,67,207","2,38,02,743","8,95,69,950","7,80,74,142","2,86,89,319","10,67,63,461",84.24,82.97,83.9
2023,4,"6,75,71,574","1,00,08,645","7,75,80,219","6,36,160","70,078","7,06,238","6,34,26,143","2,47,08,597","8,81,34,739","7,43,35,449","2,99,88,666","10,43,24,115",85.32,82.39,84.48
2023,5,"7,14,23,653","1,03,58,666","8,17,82,319","6,67,331","71,924","7,39,255","6,67,43,565","2,68,05,432","9,35,48,998","7,78,21,407","3,19,50,687","10,97,72,094",85.77,83.9,85.22
2023,6,"7,24,82,621","1,15,44,505","8,40,27,126","6,61,293","75,279","7,36,572","6,87,89,127","2,98,83,465","9,86,72,591","7,80,58,358","3,34,10,671","11,14,69,028",88.13,89.44,88.52
2023,7,"7,53,78,157","1,24,32,615","8,78,10,772","6,84,939","79,738","7,64,677","7,22,67,904","3,13,76,000","10,36,43,904","8,19,86,010","3,53,26,191","11,73,12,202",88.15,88.82,88.35
2023,8,"7,14,77,988","1,15,72,149","8,30,50,137","6,91,482","77,137","7,68,619","6,79,33,484","2,99,38,507","9,78,71,992","8,19,97,399","3,49,08,793","11,69,06,192",82.85,85.76,83.72
2023,9,"6,68,58,490","93,92,985","7,62,51,475","6,49,308","64,241","7,13,549","6,17,77,546","2,60,76,318","8,78,53,864","7,57,48,336","3,12,31,710","10,69,80,046",81.56,83.49,82.12
